Datetime,Water Level (m)
2025-04-26 12:00:00,-0.8365758
2025-04-26 13:00:00,-1.0931706
2025-04-26 14:00:00,-1.12473
2025-04-26 15:00:00,-0.17946528
2025-04-26 16:00:00,0.70297676
2025-04-26 17:00:00,1.0482246
2025-04-26 18:00:00,1.2639458
2025-04-26 19:00:00,1.2628914
2025-04-26 20:00:00,0.97810656
2025-04-26 21:00:00,0.45084116
2025-04-26 22:00:00,-0.021760954
2025-04-26 23:00:00,-0.4364191
2025-04-27 00:00:00,-0.82249683
2025-04-27 01:00:00,-1.1367806
2025-04-27 02:00:00,-1.3477871
2025-04-27 03:00:00,-0.7087778
2025-04-27 04:00:00,0.5587647
2025-04-27 05:00:00,1.1486558
2025-04-27 06:00:00,1.424388
2025-04-27 07:00:00,1.5131243
2025-04-27 08:00:00,1.3592271
2025-04-27 09:00:00,0.8697459
2025-04-27 10:00:00,0.3712536
2025-04-27 11:00:00,-0.061290193
2025-04-27 12:00:00,-0.48646674
2025-04-27 13:00:00,-0.86337364
2025-04-27 14:00:00,-1.1471604
2025-04-27 15:00:00,-1.2209167
2025-04-27 16:00:00,0.016511016
2025-04-27 17:00:00,0.92533654
2025-04-27 18:00:00,1.2413352
2025-04-27 19:00:00,1.3232925
2025-04-27 20:00:00,1.1508533
2025-04-27 21:00:00,0.7300844
2025-04-27 22:00:00,0.23344545
2025-04-27 23:00:00,-0.2018756
2025-04-28 00:00:00,-0.59639245
2025-04-28 01:00:00,-0.9650872
2025-04-28 02:00:00,-1.2610145
2025-04-28 03:00:00,-1.3970264
2025-04-28 04:00:00,-0.28209507
2025-04-28 05:00:00,0.8218281
2025-04-28 06:00:00,1.3182467
2025-04-28 07:00:00,1.5942047
2025-04-28 08:00:00,1.6198443
2025-04-28 09:00:00,1.3341724
2025-04-28 10:00:00,0.7767276
2025-04-28 11:00:00,0.29382166
2025-04-28 12:00:00,-0.12681374
2025-04-28 13:00:00,-0.5481877
2025-04-28 14:00:00,-0.89581984
2025-04-28 15:00:00,-1.2086536
2025-04-28 16:00:00,-1.0974251
2025-04-28 17:00:00,0.2807156
2025-04-28 18:00:00,1.0192853
2025-04-28 19:00:00,1.2523221
2025-04-28 20:00:00,1.2565722
2025-04-28 21:00:00,0.9908311
2025-04-28 22:00:00,0.50133115
2025-04-28 23:00:00,0.017850403
2025-04-29 00:00:00,-0.3875519
2025-04-29 01:00:00,-0.7659651
2025-04-29 02:00:00,-1.0980964
2025-04-29 03:00:00,-1.3512594
2025-04-29 04:00:00,-1.2746478
2025-04-29 05:00:00,0.1624445
2025-04-29 06:00:00,1.0524923
2025-04-29 07:00:00,1.4530514
2025-04-29 08:00:00,1.6600593
2025-04-29 09:00:00,1.6085409
2025-04-29 10:00:00,1.2150183
2025-04-29 11:00:00,0.6713064
2025-04-29 12:00:00,0.21330865
2025-04-29 13:00:00,-0.23289998
2025-04-29 14:00:00,-0.65302485
2025-04-29 15:00:00,-0.98460263
2025-04-29 16:00:00,-1.211888
2025-04-29 17:00:00,-0.7662647
2025-04-29 18:00:00,0.5054011
2025-04-29 19:00:00,1.0100386
2025-04-29 20:00:00,1.1200029
2025-04-29 21:00:00,1.0776066
2025-04-29 22:00:00,0.7922816
2025-04-29 23:00:00,0.3161898
2025-04-30 00:00:00,-0.12826428
2025-04-30 01:00:00,-0.51290005
2025-04-30 02:00:00,-0.85912204
2025-04-30 03:00:00,-1.1702379
2025-04-30 04:00:00,-1.3546622
2025-04-30 05:00:00,-0.7791188
2025-04-30 06:00:00,0.46839702
2025-04-30 07:00:00,1.1118774
2025-04-30 08:00:00,1.4430794
2025-04-30 09:00:00,1.5812134
2025-04-30 10:00:00,1.4450945
2025-04-30 11:00:00,0.9642729
2025-04-30 12:00:00,0.45909303
2025-04-30 13:00:00,0.035492662
2025-04-30 14:00:00,-0.3812665
2025-04-30 15:00:00,-0.75016373
2025-04-30 16:00:00,-1.0544232
2025-04-30 17:00:00,-1.1865429
2025-04-30 18:00:00,-0.30897993
2025-04-30 19:00:00,0.6431209
2025-04-30 20:00:00,0.9584091
2025-04-30 21:00:00,1.0107609
2025-04-30 22:00:00,0.8891165
2025-04-30 23:00:00,0.58423
2025-05-01 00:00:00,0.15217493
2025-05-01 01:00:00,-0.25284243
2025-05-01 02:00:00,-0.5774794
2025-05-01 03:00:00,-0.90803796
2025-05-01 04:00:00,-1.1696477
2025-05-01 05:00:00,-1.2445028
2025-05-01 06:00:00,-0.3074977
2025-05-01 07:00:00,0.67063713
2025-05-01 08:00:00,1.0869204
2025-05-01 09:00:00,1.3533705
2025-05-01 10:00:00,1.4323635
2025-05-01 11:00:00,1.2548711
2025-05-01 12:00:00,0.76417136
2025-05-01 13:00:00,0.3049877
2025-05-01 14:00:00,-0.08989801
2025-05-01 15:00:00,-0.48609295
2025-05-01 16:00:00,-0.8221195
2025-05-01 17:00:00,-1.0692452
2025-05-01 18:00:00,-1.0598946
2025-05-01 19:00:00,-0.12686804
2025-05-01 20:00:00,0.5901982
2025-05-01 21:00:00,0.7561149
2025-05-01 22:00:00,0.7753438
2025-05-01 23:00:00,0.67737204
2025-05-02 00:00:00,0.4110436
2025-05-02 01:00:00,0.014292397
2025-05-02 02:00:00,-0.33655462
2025-05-02 03:00:00,-0.63517904
2025-05-02 04:00:00,-0.9122454
2025-05-02 05:00:00,-1.1201408
2025-05-02 06:00:00,-1.0253886
2025-05-02 07:00:00,-0.037882432
2025-05-02 08:00:00,0.6953658
2025-05-02 09:00:00,0.9658416
2025-05-02 10:00:00,1.1729754
2025-05-02 11:00:00,1.2171203
2025-05-02 12:00:00,1.0310616
